"Benchmark","Mode","Threads","Samples","Score","Score Error (99.9%)","Unit","Param: impl","Param: payloadType","Param: seed","Param: size","Param: testType","Param: threads"
"se.su.dsv.online_concurrent.OnlineConcurrentBench.operationsRunner","thrpt",1,40,14561.300709,46.411068,"ops/s",WRAPPED_LIST,STRING_DICTIONARY,42,1024,even,1
"se.su.dsv.online_concurrent.OnlineConcurrentBench.operationsRunner","thrpt",1,40,7027.339257,503.605468,"ops/s",WRAPPED_LIST,STRING_DICTIONARY,42,8192,even,1
"se.su.dsv.online_concurrent.OnlineConcurrentBench.operationsRunner","thrpt",1,40,5146.166609,51.919735,"ops/s",WRAPPED_LIST,STRING_DICTIONARY,42,16384,even,1
"se.su.dsv.online_concurrent.OnlineConcurrentBench.operationsRunner","thrpt",1,40,339.695024,29.969828,"ops/s",WRAPPED_LIST,STRING_DICTIONARY,42,131072,even,1
"se.su.dsv.online_concurrent.OnlineConcurrentBench.operationsRunner","thrpt",1,40,58.982948,4.056634,"ops/s",WRAPPED_LIST,STRING_DICTIONARY,42,1048576,even,1
"se.su.dsv.online_concurrent.OnlineConcurrentBench.operationsRunner","thrpt",16,40,44372.811207,150.341906,"ops/s",WRAPPED_LIST,STRING_DICTIONARY,42,128,even,16
"se.su.dsv.online_concurrent.OnlineConcurrentBench.operationsRunner","thrpt",16,40,43346.679493,193.921944,"ops/s",WRAPPED_LIST,STRING_DICTIONARY,42,1024,even,16
"se.su.dsv.online_concurrent.OnlineConcurrentBench.operationsRunner","thrpt",16,40,34199.134874,201.571477,"ops/s",WRAPPED_LIST,STRING_DICTIONARY,42,8192,even,16
"se.su.dsv.online_concurrent.OnlineConcurrentBench.operationsRunner","thrpt",16,40,27095.427640,120.781036,"ops/s",WRAPPED_LIST,STRING_DICTIONARY,42,16384,even,16
"se.su.dsv.online_concurrent.OnlineConcurrentBench.operationsRunner","thrpt",16,40,3800.537135,126.469189,"ops/s",WRAPPED_LIST,STRING_DICTIONARY,42,131072,even,16
"se.su.dsv.online_concurrent.OnlineConcurrentBench.operationsRunner","thrpt",16,40,330.548407,9.174234,"ops/s",WRAPPED_LIST,STRING_DICTIONARY,42,1048576,even,16
"se.su.dsv.online_concurrent.OnlineConcurrentBench.operationsRunner","thrpt",2,40,20332.819782,142.403013,"ops/s",WRAPPED_LIST,STRING_DICTIONARY,42,128,even,2
"se.su.dsv.online_concurrent.OnlineConcurrentBench.operationsRunner","thrpt",2,40,19567.427599,210.493892,"ops/s",WRAPPED_LIST,STRING_DICTIONARY,42,1024,even,2
"se.su.dsv.online_concurrent.OnlineConcurrentBench.operationsRunner","thrpt",2,40,11089.315363,706.541728,"ops/s",WRAPPED_LIST,STRING_DICTIONARY,42,8192,even,2
"se.su.dsv.online_concurrent.OnlineConcurrentBench.operationsRunner","thrpt",2,40,8194.668497,438.680270,"ops/s",WRAPPED_LIST,STRING_DICTIONARY,42,16384,even,2
"se.su.dsv.online_concurrent.OnlineConcurrentBench.operationsRunner","thrpt",2,40,629.957375,46.841427,"ops/s",WRAPPED_LIST,STRING_DICTIONARY,42,131072,even,2
"se.su.dsv.online_concurrent.OnlineConcurrentBench.operationsRunner","thrpt",2,40,95.265453,5.175112,"ops/s",WRAPPED_LIST,STRING_DICTIONARY,42,1048576,even,2
"se.su.dsv.online_concurrent.OnlineConcurrentBench.operationsRunner","thrpt",32,40,43089.132977,387.235953,"ops/s",WRAPPED_LIST,STRING_DICTIONARY,42,128,even,32
"se.su.dsv.online_concurrent.OnlineConcurrentBench.operationsRunner","thrpt",32,40,41846.704460,268.815846,"ops/s",WRAPPED_LIST,STRING_DICTIONARY,42,1024,even,32
"se.su.dsv.online_concurrent.OnlineConcurrentBench.operationsRunner","thrpt",32,40,33211.372980,175.714078,"ops/s",WRAPPED_LIST,STRING_DICTIONARY,42,8192,even,32
"se.su.dsv.online_concurrent.OnlineConcurrentBench.operationsRunner","thrpt",32,40,26095.399965,80.560816,"ops/s",WRAPPED_LIST,STRING_DICTIONARY,42,16384,even,32
"se.su.dsv.online_concurrent.OnlineConcurrentBench.operationsRunner","thrpt",32,40,4412.049557,147.967893,"ops/s",WRAPPED_LIST,STRING_DICTIONARY,42,131072,even,32
"se.su.dsv.online_concurrent.OnlineConcurrentBench.operationsRunner","thrpt",32,40,310.211438,11.838343,"ops/s",WRAPPED_LIST,STRING_DICTIONARY,42,1048576,even,32
"se.su.dsv.online_concurrent.OnlineConcurrentBench.operationsRunner","thrpt",4,40,28162.993274,198.621626,"ops/s",WRAPPED_LIST,STRING_DICTIONARY,42,128,even,4
"se.su.dsv.online_concurrent.OnlineConcurrentBench.operationsRunner","thrpt",4,40,27302.530726,151.115107,"ops/s",WRAPPED_LIST,STRING_DICTIONARY,42,1024,even,4
"se.su.dsv.online_concurrent.OnlineConcurrentBench.operationsRunner","thrpt",4,40,17184.883050,790.007849,"ops/s",WRAPPED_LIST,STRING_DICTIONARY,42,8192,even,4
"se.su.dsv.online_concurrent.OnlineConcurrentBench.operationsRunner","thrpt",4,40,12555.525094,525.032216,"ops/s",WRAPPED_LIST,STRING_DICTIONARY,42,16384,even,4
"se.su.dsv.online_concurrent.OnlineConcurrentBench.operationsRunner","thrpt",4,40,1315.398931,63.737098,"ops/s",WRAPPED_LIST,STRING_DICTIONARY,42,131072,even,4
"se.su.dsv.online_concurrent.OnlineConcurrentBench.operationsRunner","thrpt",4,40,169.400478,10.226952,"ops/s",WRAPPED_LIST,STRING_DICTIONARY,42,1048576,even,4
"se.su.dsv.online_concurrent.OnlineConcurrentBench.operationsRunner","thrpt",8,40,37750.556128,237.244637,"ops/s",WRAPPED_LIST,STRING_DICTIONARY,42,128,even,8
"se.su.dsv.online_concurrent.OnlineConcurrentBench.operationsRunner","thrpt",8,40,36183.847878,421.937977,"ops/s",WRAPPED_LIST,STRING_DICTIONARY,42,1024,even,8
"se.su.dsv.online_concurrent.OnlineConcurrentBench.operationsRunner","thrpt",8,40,27950.999089,447.371247,"ops/s",WRAPPED_LIST,STRING_DICTIONARY,42,8192,even,8
"se.su.dsv.online_concurrent.OnlineConcurrentBench.operationsRunner","thrpt",8,40,20304.559743,672.187783,"ops/s",WRAPPED_LIST,STRING_DICTIONARY,42,16384,even,8
"se.su.dsv.online_concurrent.OnlineConcurrentBench.operationsRunner","thrpt",8,40,2412.457532,131.051427,"ops/s",WRAPPED_LIST,STRING_DICTIONARY,42,131072,even,8
"se.su.dsv.online_concurrent.OnlineConcurrentBench.operationsRunner","thrpt",8,40,315.827480,5.375109,"ops/s",WRAPPED_LIST,STRING_DICTIONARY,42,1048576,even,8
"se.su.dsv.online_concurrent.OnlineConcurrentBench.operationsRunner","thrpt",1,40,19373.276430,337.078847,"ops/s",WRAPPED_LIST,STRING_DICTIONARY,42,128,iterate,1
"se.su.dsv.online_concurrent.OnlineConcurrentBench.operationsRunner","thrpt",1,40,18007.801313,30.299254,"ops/s",WRAPPED_LIST,STRING_DICTIONARY,42,1024,iterate,1
"se.su.dsv.online_concurrent.OnlineConcurrentBench.operationsRunner","thrpt",1,40,9672.671920,160.858492,"ops/s",WRAPPED_LIST,STRING_DICTIONARY,42,8192,iterate,1
"se.su.dsv.online_concurrent.OnlineConcurrentBench.operationsRunner","thrpt",1,40,5548.276568,24.999694,"ops/s",WRAPPED_LIST,STRING_DICTIONARY,42,16384,iterate,1
"se.su.dsv.online_concurrent.OnlineConcurrentBench.operationsRunner","thrpt",1,40,728.507646,3.222504,"ops/s",WRAPPED_LIST,STRING_DICTIONARY,42,131072,iterate,1
"se.su.dsv.online_concurrent.OnlineConcurrentBench.operationsRunner","thrpt",1,40,84.871622,1.224471,"ops/s",WRAPPED_LIST,STRING_DICTIONARY,42,1048576,iterate,1
"se.su.dsv.online_concurrent.OnlineConcurrentBench.operationsRunner","thrpt",16,40,72857.607351,386.161391,"ops/s",WRAPPED_LIST,STRING_DICTIONARY,42,128,iterate,16
"se.su.dsv.online_concurrent.OnlineConcurrentBench.operationsRunner","thrpt",16,40,66895.617911,1089.927142,"ops/s",WRAPPED_LIST,STRING_DICTIONARY,42,1024,iterate,16
"se.su.dsv.online_concurrent.OnlineConcurrentBench.operationsRunner","thrpt",16,40,58190.101486,647.207593,"ops/s",WRAPPED_LIST,STRING_DICTIONARY,42,8192,iterate,16
"se.su.dsv.online_concurrent.OnlineConcurrentBench.operationsRunner","thrpt",16,40,47112.531123,342.181118,"ops/s",WRAPPED_LIST,STRING_DICTIONARY,42,16384,iterate,16
"se.su.dsv.online_concurrent.OnlineConcurrentBench.operationsRunner","thrpt",16,40,8799.647338,132.712584,"ops/s",WRAPPED_LIST,STRING_DICTIONARY,42,131072,iterate,16
"se.su.dsv.online_concurrent.OnlineConcurrentBench.operationsRunner","thrpt",16,40,807.221750,15.634235,"ops/s",WRAPPED_LIST,STRING_DICTIONARY,42,1048576,iterate,16
"se.su.dsv.online_concurrent.OnlineConcurrentBench.operationsRunner","thrpt",2,40,27325.895476,126.556360,"ops/s",WRAPPED_LIST,STRING_DICTIONARY,42,128,iterate,2
"se.su.dsv.online_concurrent.OnlineConcurrentBench.operationsRunner","thrpt",2,40,25846.223613,72.862665,"ops/s",WRAPPED_LIST,STRING_DICTIONARY,42,1024,iterate,2
"se.su.dsv.online_concurrent.OnlineConcurrentBench.operationsRunner","thrpt",2,40,15782.959975,318.164876,"ops/s",WRAPPED_LIST,STRING_DICTIONARY,42,8192,iterate,2
"se.su.dsv.online_concurrent.OnlineConcurrentBench.operationsRunner","thrpt",2,40,9991.662390,98.495023,"ops/s",WRAPPED_LIST,STRING_DICTIONARY,42,16384,iterate,2
"se.su.dsv.online_concurrent.OnlineConcurrentBench.operationsRunner","thrpt",2,40,1425.101508,44.450854,"ops/s",WRAPPED_LIST,STRING_DICTIONARY,42,131072,iterate,2
"se.su.dsv.online_concurrent.OnlineConcurrentBench.operationsRunner","thrpt",2,40,158.373798,10.985848,"ops/s",WRAPPED_LIST,STRING_DICTIONARY,42,1048576,iterate,2
"se.su.dsv.online_concurrent.OnlineConcurrentBench.operationsRunner","thrpt",32,40,71774.348974,413.466780,"ops/s",WRAPPED_LIST,STRING_DICTIONARY,42,128,iterate,32
"se.su.dsv.online_concurrent.OnlineConcurrentBench.operationsRunner","thrpt",32,40,69885.410546,296.260318,"ops/s",WRAPPED_LIST,STRING_DICTIONARY,42,1024,iterate,32
"se.su.dsv.online_concurrent.OnlineConcurrentBench.operationsRunner","thrpt",32,40,57949.128697,336.892741,"ops/s",WRAPPED_LIST,STRING_DICTIONARY,42,8192,iterate,32
"se.su.dsv.online_concurrent.OnlineConcurrentBench.operationsRunner","thrpt",32,40,47275.977978,158.238165,"ops/s",WRAPPED_LIST,STRING_DICTIONARY,42,16384,iterate,32
"se.su.dsv.online_concurrent.OnlineConcurrentBench.operationsRunner","thrpt",32,40,9620.765128,176.274623,"ops/s",WRAPPED_LIST,STRING_DICTIONARY,42,131072,iterate,32
"se.su.dsv.online_concurrent.OnlineConcurrentBench.operationsRunner","thrpt",32,40,788.474001,16.207381,"ops/s",WRAPPED_LIST,STRING_DICTIONARY,42,1048576,iterate,32
"se.su.dsv.online_concurrent.OnlineConcurrentBench.operationsRunner","thrpt",4,40,38025.719367,204.345962,"ops/s",WRAPPED_LIST,STRING_DICTIONARY,42,128,iterate,4
"se.su.dsv.online_concurrent.OnlineConcurrentBench.operationsRunner","thrpt",4,40,36629.270601,386.533674,"ops/s",WRAPPED_LIST,STRING_DICTIONARY,42,1024,iterate,4
"se.su.dsv.online_concurrent.OnlineConcurrentBench.operationsRunner","thrpt",4,40,25228.341715,680.738961,"ops/s",WRAPPED_LIST,STRING_DICTIONARY,42,8192,iterate,4
"se.su.dsv.online_concurrent.OnlineConcurrentBench.operationsRunner","thrpt",4,40,17932.672860,257.280986,"ops/s",WRAPPED_LIST,STRING_DICTIONARY,42,16384,iterate,4
"se.su.dsv.online_concurrent.OnlineConcurrentBench.operationsRunner","thrpt",4,40,2770.733041,69.232116,"ops/s",WRAPPED_LIST,STRING_DICTIONARY,42,131072,iterate,4
"se.su.dsv.online_concurrent.OnlineConcurrentBench.operationsRunner","thrpt",4,40,318.085553,11.366207,"ops/s",WRAPPED_LIST,STRING_DICTIONARY,42,1048576,iterate,4
"se.su.dsv.online_concurrent.OnlineConcurrentBench.operationsRunner","thrpt",8,40,52654.439795,323.355805,"ops/s",WRAPPED_LIST,STRING_DICTIONARY,42,128,iterate,8
"se.su.dsv.online_concurrent.OnlineConcurrentBench.operationsRunner","thrpt",8,40,49024.362596,476.802187,"ops/s",WRAPPED_LIST,STRING_DICTIONARY,42,1024,iterate,8
"se.su.dsv.online_concurrent.OnlineConcurrentBench.operationsRunner","thrpt",8,40,39166.500257,523.180599,"ops/s",WRAPPED_LIST,STRING_DICTIONARY,42,8192,iterate,8
"se.su.dsv.online_concurrent.OnlineConcurrentBench.operationsRunner","thrpt",8,40,30125.115840,681.665171,"ops/s",WRAPPED_LIST,STRING_DICTIONARY,42,16384,iterate,8
"se.su.dsv.online_concurrent.OnlineConcurrentBench.operationsRunner","thrpt",8,40,5067.363529,51.316051,"ops/s",WRAPPED_LIST,STRING_DICTIONARY,42,131072,iterate,8
"se.su.dsv.online_concurrent.OnlineConcurrentBench.operationsRunner","thrpt",8,40,572.120590,7.773944,"ops/s",WRAPPED_LIST,STRING_DICTIONARY,42,1048576,iterate,8
"se.su.dsv.online_concurrent.OnlineConcurrentBench.operationsRunner","thrpt",1,40,19290.356096,115.539511,"ops/s",WRAPPED_LIST,STRING_DICTIONARY,42,128,update,1
"se.su.dsv.online_concurrent.OnlineConcurrentBench.operationsRunner","thrpt",1,40,18277.278816,70.112801,"ops/s",WRAPPED_LIST,STRING_DICTIONARY,42,1024,update,1
"se.su.dsv.online_concurrent.OnlineConcurrentBench.operationsRunner","thrpt",1,40,10044.247053,44.611811,"ops/s",WRAPPED_LIST,STRING_DICTIONARY,42,8192,update,1
"se.su.dsv.online_concurrent.OnlineConcurrentBench.operationsRunner","thrpt",1,40,6395.950351,81.341375,"ops/s",WRAPPED_LIST,STRING_DICTIONARY,42,16384,update,1
"se.su.dsv.online_concurrent.OnlineConcurrentBench.operationsRunner","thrpt",1,40,620.582688,28.917210,"ops/s",WRAPPED_LIST,STRING_DICTIONARY,42,131072,update,1
"se.su.dsv.online_concurrent.OnlineConcurrentBench.operationsRunner","thrpt",1,40,79.927821,4.654452,"ops/s",WRAPPED_LIST,STRING_DICTIONARY,42,1048576,update,1
"se.su.dsv.online_concurrent.OnlineConcurrentBench.operationsRunner","thrpt",16,40,40280.326676,281.407119,"ops/s",WRAPPED_LIST,STRING_DICTIONARY,42,128,update,16
"se.su.dsv.online_concurrent.OnlineConcurrentBench.operationsRunner","thrpt",16,40,38862.681868,203.581099,"ops/s",WRAPPED_LIST,STRING_DICTIONARY,42,1024,update,16
"se.su.dsv.online_concurrent.OnlineConcurrentBench.operationsRunner","thrpt",16,40,29260.052134,126.041483,"ops/s",WRAPPED_LIST,STRING_DICTIONARY,42,8192,update,16
"se.su.dsv.online_concurrent.OnlineConcurrentBench.operationsRunner","thrpt",16,40,21928.673084,92.234588,"ops/s",WRAPPED_LIST,STRING_DICTIONARY,42,16384,update,16
"se.su.dsv.online_concurrent.OnlineConcurrentBench.operationsRunner","thrpt",16,40,3290.145949,67.406812,"ops/s",WRAPPED_LIST,STRING_DICTIONARY,42,131072,update,16
"se.su.dsv.online_concurrent.OnlineConcurrentBench.operationsRunner","thrpt",16,40,228.643493,7.256525,"ops/s",WRAPPED_LIST,STRING_DICTIONARY,42,1048576,update,16
"se.su.dsv.online_concurrent.OnlineConcurrentBench.operationsRunner","thrpt",2,40,25831.814298,150.003603,"ops/s",WRAPPED_LIST,STRING_DICTIONARY,42,128,update,2
"se.su.dsv.online_concurrent.OnlineConcurrentBench.operationsRunner","thrpt",2,40,24232.608332,146.312324,"ops/s",WRAPPED_LIST,STRING_DICTIONARY,42,1024,update,2
"se.su.dsv.online_concurrent.OnlineConcurrentBench.operationsRunner","thrpt",2,40,15215.585847,132.915493,"ops/s",WRAPPED_LIST,STRING_DICTIONARY,42,8192,update,2
"se.su.dsv.online_concurrent.OnlineConcurrentBench.operationsRunner","thrpt",2,40,10239.175048,116.687104,"ops/s",WRAPPED_LIST,STRING_DICTIONARY,42,16384,update,2
"se.su.dsv.online_concurrent.OnlineConcurrentBench.operationsRunner","thrpt",2,40,1085.873342,23.898453,"ops/s",WRAPPED_LIST,STRING_DICTIONARY,42,131072,update,2
"se.su.dsv.online_concurrent.OnlineConcurrentBench.operationsRunner","thrpt",2,40,130.872861,3.833019,"ops/s",WRAPPED_LIST,STRING_DICTIONARY,42,1048576,update,2
"se.su.dsv.online_concurrent.OnlineConcurrentBench.operationsRunner","thrpt",32,40,39594.380897,292.759565,"ops/s",WRAPPED_LIST,STRING_DICTIONARY,42,128,update,32
"se.su.dsv.online_concurrent.OnlineConcurrentBench.operationsRunner","thrpt",32,40,38001.208158,188.456273,"ops/s",WRAPPED_LIST,STRING_DICTIONARY,42,1024,update,32
"se.su.dsv.online_concurrent.OnlineConcurrentBench.operationsRunner","thrpt",32,40,28707.097741,183.227338,"ops/s",WRAPPED_LIST,STRING_DICTIONARY,42,8192,update,32
"se.su.dsv.online_concurrent.OnlineConcurrentBench.operationsRunner","thrpt",32,40,21755.085100,111.626154,"ops/s",WRAPPED_LIST,STRING_DICTIONARY,42,16384,update,32
"se.su.dsv.online_concurrent.OnlineConcurrentBench.operationsRunner","thrpt",32,40,3624.261644,48.399895,"ops/s",WRAPPED_LIST,STRING_DICTIONARY,42,131072,update,32
"se.su.dsv.online_concurrent.OnlineConcurrentBench.operationsRunner","thrpt",32,40,211.225286,8.393917,"ops/s",WRAPPED_LIST,STRING_DICTIONARY,42,1048576,update,32
"se.su.dsv.online_concurrent.OnlineConcurrentBench.operationsRunner","thrpt",4,40,34395.648846,130.718018,"ops/s",WRAPPED_LIST,STRING_DICTIONARY,42,128,update,4
"se.su.dsv.online_concurrent.OnlineConcurrentBench.operationsRunner","thrpt",4,40,32399.828954,260.974911,"ops/s",WRAPPED_LIST,STRING_DICTIONARY,42,1024,update,4
"se.su.dsv.online_concurrent.OnlineConcurrentBench.operationsRunner","thrpt",4,40,22729.802745,249.173765,"ops/s",WRAPPED_LIST,STRING_DICTIONARY,42,8192,update,4
"se.su.dsv.online_concurrent.OnlineConcurrentBench.operationsRunner","thrpt",4,40,15581.337616,98.675817,"ops/s",WRAPPED_LIST,STRING_DICTIONARY,42,16384,update,4
"se.su.dsv.online_concurrent.OnlineConcurrentBench.operationsRunner","thrpt",4,40,1900.065114,35.288998,"ops/s",WRAPPED_LIST,STRING_DICTIONARY,42,131072,update,4
"se.su.dsv.online_concurrent.OnlineConcurrentBench.operationsRunner","thrpt",4,40,208.570976,4.019153,"ops/s",WRAPPED_LIST,STRING_DICTIONARY,42,1048576,update,4
"se.su.dsv.online_concurrent.OnlineConcurrentBench.operationsRunner","thrpt",8,40,41120.749021,187.373522,"ops/s",WRAPPED_LIST,STRING_DICTIONARY,42,128,update,8
"se.su.dsv.online_concurrent.OnlineConcurrentBench.operationsRunner","thrpt",8,40,39781.571075,216.442598,"ops/s",WRAPPED_LIST,STRING_DICTIONARY,42,1024,update,8
"se.su.dsv.online_concurrent.OnlineConcurrentBench.operationsRunner","thrpt",8,40,29542.732078,457.801637,"ops/s",WRAPPED_LIST,STRING_DICTIONARY,42,8192,update,8
"se.su.dsv.online_concurrent.OnlineConcurrentBench.operationsRunner","thrpt",8,40,22453.508098,179.061262,"ops/s",WRAPPED_LIST,STRING_DICTIONARY,42,16384,update,8
"se.su.dsv.online_concurrent.OnlineConcurrentBench.operationsRunner","thrpt",8,40,2954.254134,52.506202,"ops/s",WRAPPED_LIST,STRING_DICTIONARY,42,131072,update,8
"se.su.dsv.online_concurrent.OnlineConcurrentBench.operationsRunner","thrpt",8,40,233.830589,5.651956,"ops/s",WRAPPED_LIST,STRING_DICTIONARY,42,1048576,update,8
"se.su.dsv.online_concurrent.OnlineConcurrentBench.operationsRunner","thrpt",1,40,13797.584594,128.735748,"ops/s",ONLINE_ADAPTIVE_MAP,STRING_DICTIONARY,42,128,even,1
"se.su.dsv.online_concurrent.OnlineConcurrentBench.operationsRunner","thrpt",1,40,12745.423470,87.391787,"ops/s",ONLINE_ADAPTIVE_MAP,STRING_DICTIONARY,42,1024,even,1
"se.su.dsv.online_concurrent.OnlineConcurrentBench.operationsRunner","thrpt",1,40,5722.681038,182.889014,"ops/s",ONLINE_ADAPTIVE_MAP,STRING_DICTIONARY,42,8192,even,1
"se.su.dsv.online_concurrent.OnlineConcurrentBench.operationsRunner","thrpt",1,40,3529.054965,35.742884,"ops/s",ONLINE_ADAPTIVE_MAP,STRING_DICTIONARY,42,16384,even,1
"se.su.dsv.online_concurrent.OnlineConcurrentBench.operationsRunner","thrpt",1,40,328.347093,9.237474,"ops/s",ONLINE_ADAPTIVE_MAP,STRING_DICTIONARY,42,131072,even,1
"se.su.dsv.online_concurrent.OnlineConcurrentBench.operationsRunner","thrpt",1,40,34.150339,1.056170,"ops/s",ONLINE_ADAPTIVE_MAP,STRING_DICTIONARY,42,1048576,even,1
"se.su.dsv.online_concurrent.OnlineConcurrentBench.operationsRunner","thrpt",16,40,47064.750606,362.170024,"ops/s",ONLINE_ADAPTIVE_MAP,STRING_DICTIONARY,42,128,even,16
"se.su.dsv.online_concurrent.OnlineConcurrentBench.operationsRunner","thrpt",16,40,45624.027772,320.386776,"ops/s",ONLINE_ADAPTIVE_MAP,STRING_DICTIONARY,42,1024,even,16
"se.su.dsv.online_concurrent.OnlineConcurrentBench.operationsRunner","thrpt",16,40,36676.652953,424.786780,"ops/s",ONLINE_ADAPTIVE_MAP,STRING_DICTIONARY,42,8192,even,16
"se.su.dsv.online_concurrent.OnlineConcurrentBench.operationsRunner","thrpt",16,40,30962.531563,139.759308,"ops/s",ONLINE_ADAPTIVE_MAP,STRING_DICTIONARY,42,16384,even,16
"se.su.dsv.online_concurrent.OnlineConcurrentBench.operationsRunner","thrpt",16,40,5164.347032,90.545524,"ops/s",ONLINE_ADAPTIVE_MAP,STRING_DICTIONARY,42,131072,even,16
"se.su.dsv.online_concurrent.OnlineConcurrentBench.operationsRunner","thrpt",16,40,416.283501,28.159709,"ops/s",ONLINE_ADAPTIVE_MAP,STRING_DICTIONARY,42,1048576,even,16
"se.su.dsv.online_concurrent.OnlineConcurrentBench.operationsRunner","thrpt",2,40,18853.522520,220.486776,"ops/s",ONLINE_ADAPTIVE_MAP,STRING_DICTIONARY,42,128,even,2
"se.su.dsv.online_concurrent.OnlineConcurrentBench.operationsRunner","thrpt",2,40,17774.849698,112.173635,"ops/s",ONLINE_ADAPTIVE_MAP,STRING_DICTIONARY,42,1024,even,2
"se.su.dsv.online_concurrent.OnlineConcurrentBench.operationsRunner","thrpt",2,40,9930.554450,54.764997,"ops/s",ONLINE_ADAPTIVE_MAP,STRING_DICTIONARY,42,8192,even,2
"se.su.dsv.online_concurrent.OnlineConcurrentBench.operationsRunner","thrpt",2,40,6346.821850,37.269734,"ops/s",ONLINE_ADAPTIVE_MAP,STRING_DICTIONARY,42,16384,even,2
"se.su.dsv.online_concurrent.OnlineConcurrentBench.operationsRunner","thrpt",2,40,576.943914,8.825924,"ops/s",ONLINE_ADAPTIVE_MAP,STRING_DICTIONARY,42,131072,even,2
"se.su.dsv.online_concurrent.OnlineConcurrentBench.operationsRunner","thrpt",2,40,58.171968,0.694190,"ops/s",ONLINE_ADAPTIVE_MAP,STRING_DICTIONARY,42,1048576,even,2
"se.su.dsv.online_concurrent.OnlineConcurrentBench.operationsRunner","thrpt",32,40,65981.903131,900.035302,"ops/s",ONLINE_ADAPTIVE_MAP,STRING_DICTIONARY,42,128,even,32
"se.su.dsv.online_concurrent.OnlineConcurrentBench.operationsRunner","thrpt",32,40,65556.366332,765.952384,"ops/s",ONLINE_ADAPTIVE_MAP,STRING_DICTIONARY,42,1024,even,32
"se.su.dsv.online_concurrent.OnlineConcurrentBench.operationsRunner","thrpt",32,40,57044.820135,380.628111,"ops/s",ONLINE_ADAPTIVE_MAP,STRING_DICTIONARY,42,8192,even,32
"se.su.dsv.online_concurrent.OnlineConcurrentBench.operationsRunner","thrpt",32,40,47802.237185,598.256585,"ops/s",ONLINE_ADAPTIVE_MAP,STRING_DICTIONARY,42,16384,even,32
"se.su.dsv.online_concurrent.OnlineConcurrentBench.operationsRunner","thrpt",32,40,8009.850697,426.100322,"ops/s",ONLINE_ADAPTIVE_MAP,STRING_DICTIONARY,42,131072,even,32
"se.su.dsv.online_concurrent.OnlineConcurrentBench.operationsRunner","thrpt",32,40,452.811142,58.384262,"ops/s",ONLINE_ADAPTIVE_MAP,STRING_DICTIONARY,42,1048576,even,32
"se.su.dsv.online_concurrent.OnlineConcurrentBench.operationsRunner","thrpt",4,40,25382.572513,199.246753,"ops/s",ONLINE_ADAPTIVE_MAP,STRING_DICTIONARY,42,128,even,4
"se.su.dsv.online_concurrent.OnlineConcurrentBench.operationsRunner","thrpt",4,40,24488.674181,87.585720,"ops/s",ONLINE_ADAPTIVE_MAP,STRING_DICTIONARY,42,1024,even,4
"se.su.dsv.online_concurrent.OnlineConcurrentBench.operationsRunner","thrpt",4,40,15984.161478,80.091231,"ops/s",ONLINE_ADAPTIVE_MAP,STRING_DICTIONARY,42,8192,even,4
"se.su.dsv.online_concurrent.OnlineConcurrentBench.operationsRunner","thrpt",4,40,10598.051616,224.829705,"ops/s",ONLINE_ADAPTIVE_MAP,STRING_DICTIONARY,42,16384,even,4
"se.su.dsv.online_concurrent.OnlineConcurrentBench.operationsRunner","thrpt",4,40,1100.018636,25.947706,"ops/s",ONLINE_ADAPTIVE_MAP,STRING_DICTIONARY,42,131072,even,4
"se.su.dsv.online_concurrent.OnlineConcurrentBench.operationsRunner","thrpt",4,40,109.487280,2.763827,"ops/s",ONLINE_ADAPTIVE_MAP,STRING_DICTIONARY,42,1048576,even,4
"se.su.dsv.online_concurrent.OnlineConcurrentBench.operationsRunner","thrpt",1,40,14131.740658,151.638054,"ops/s",ONLINE_ADAPTIVE_MAP,STRING_DICTIONARY,42,128,iterate,1
"se.su.dsv.online_concurrent.OnlineConcurrentBench.operationsRunner","thrpt",1,40,12281.302122,98.957211,"ops/s",ONLINE_ADAPTIVE_MAP,STRING_DICTIONARY,42,1024,iterate,1
"se.su.dsv.online_concurrent.OnlineConcurrentBench.operationsRunner","thrpt",1,40,5197.023428,61.203081,"ops/s",ONLINE_ADAPTIVE_MAP,STRING_DICTIONARY,42,8192,iterate,1
"se.su.dsv.online_concurrent.OnlineConcurrentBench.operationsRunner","thrpt",1,40,2790.361798,58.260578,"ops/s",ONLINE_ADAPTIVE_MAP,STRING_DICTIONARY,42,16384,iterate,1
"se.su.dsv.online_concurrent.OnlineConcurrentBench.operationsRunner","thrpt",1,40,312.520554,3.479390,"ops/s",ONLINE_ADAPTIVE_MAP,STRING_DICTIONARY,42,131072,iterate,1
"se.su.dsv.online_concurrent.OnlineConcurrentBench.operationsRunner","thrpt",1,40,38.011374,0.604930,"ops/s",ONLINE_ADAPTIVE_MAP,STRING_DICTIONARY,42,1048576,iterate,1
"se.su.dsv.online_concurrent.OnlineConcurrentBench.operationsRunner","thrpt",16,40,53966.998586,701.468230,"ops/s",ONLINE_ADAPTIVE_MAP,STRING_DICTIONARY,42,128,iterate,16
"se.su.dsv.online_concurrent.OnlineConcurrentBench.operationsRunner","thrpt",16,40,51251.031503,646.769735,"ops/s",ONLINE_ADAPTIVE_MAP,STRING_DICTIONARY,42,1024,iterate,16
"se.su.dsv.online_concurrent.OnlineConcurrentBench.operationsRunner","thrpt",16,40,38204.597705,535.809079,"ops/s",ONLINE_ADAPTIVE_MAP,STRING_DICTIONARY,42,8192,iterate,16
"se.su.dsv.online_concurrent.OnlineConcurrentBench.operationsRunner","thrpt",16,40,27902.155193,336.491391,"ops/s",ONLINE_ADAPTIVE_MAP,STRING_DICTIONARY,42,16384,iterate,16
"se.su.dsv.online_concurrent.OnlineConcurrentBench.operationsRunner","thrpt",16,40,2957.006413,85.331369,"ops/s",ONLINE_ADAPTIVE_MAP,STRING_DICTIONARY,42,131072,iterate,16
"se.su.dsv.online_concurrent.OnlineConcurrentBench.operationsRunner","thrpt",16,40,264.921134,8.889313,"ops/s",ONLINE_ADAPTIVE_MAP,STRING_DICTIONARY,42,1048576,iterate,16
"se.su.dsv.online_concurrent.OnlineConcurrentBench.operationsRunner","thrpt",2,40,20110.526148,137.296312,"ops/s",ONLINE_ADAPTIVE_MAP,STRING_DICTIONARY,42,128,iterate,2
"se.su.dsv.online_concurrent.OnlineConcurrentBench.operationsRunner","thrpt",2,40,19201.814158,477.658318,"ops/s",ONLINE_ADAPTIVE_MAP,STRING_DICTIONARY,42,1024,iterate,2
"se.su.dsv.online_concurrent.OnlineConcurrentBench.operationsRunner","thrpt",2,40,9196.643210,118.570109,"ops/s",ONLINE_ADAPTIVE_MAP,STRING_DICTIONARY,42,8192,iterate,2
"se.su.dsv.online_concurrent.OnlineConcurrentBench.operationsRunner","thrpt",2,40,5282.899324,82.566371,"ops/s",ONLINE_ADAPTIVE_MAP,STRING_DICTIONARY,42,16384,iterate,2
"se.su.dsv.online_concurrent.OnlineConcurrentBench.operationsRunner","thrpt",2,40,589.334741,9.422731,"ops/s",ONLINE_ADAPTIVE_MAP,STRING_DICTIONARY,42,131072,iterate,2
"se.su.dsv.online_concurrent.OnlineConcurrentBench.operationsRunner","thrpt",2,40,69.409532,1.061739,"ops/s",ONLINE_ADAPTIVE_MAP,STRING_DICTIONARY,42,1048576,iterate,2
"se.su.dsv.online_concurrent.OnlineConcurrentBench.operationsRunner","thrpt",32,40,52553.466481,623.884341,"ops/s",ONLINE_ADAPTIVE_MAP,STRING_DICTIONARY,42,128,iterate,32
"se.su.dsv.online_concurrent.OnlineConcurrentBench.operationsRunner","thrpt",32,40,51483.624957,368.664640,"ops/s",ONLINE_ADAPTIVE_MAP,STRING_DICTIONARY,42,1024,iterate,32
"se.su.dsv.online_concurrent.OnlineConcurrentBench.operationsRunner","thrpt",32,40,39876.130450,265.071780,"ops/s",ONLINE_ADAPTIVE_MAP,STRING_DICTIONARY,42,8192,iterate,32
"se.su.dsv.online_concurrent.OnlineConcurrentBench.operationsRunner","thrpt",32,40,29239.535782,289.163182,"ops/s",ONLINE_ADAPTIVE_MAP,STRING_DICTIONARY,42,16384,iterate,32
"se.su.dsv.online_concurrent.OnlineConcurrentBench.operationsRunner","thrpt",32,40,3336.568832,93.805093,"ops/s",ONLINE_ADAPTIVE_MAP,STRING_DICTIONARY,42,131072,iterate,32
"se.su.dsv.online_concurrent.OnlineConcurrentBench.operationsRunner","thrpt",32,40,260.037470,15.804042,"ops/s",ONLINE_ADAPTIVE_MAP,STRING_DICTIONARY,42,1048576,iterate,32
"se.su.dsv.online_concurrent.OnlineConcurrentBench.operationsRunner","thrpt",4,40,28217.721555,200.660571,"ops/s",ONLINE_ADAPTIVE_MAP,STRING_DICTIONARY,42,128,iterate,4
"se.su.dsv.online_concurrent.OnlineConcurrentBench.operationsRunner","thrpt",4,40,26686.768406,275.712083,"ops/s",ONLINE_ADAPTIVE_MAP,STRING_DICTIONARY,42,1024,iterate,4
"se.su.dsv.online_concurrent.OnlineConcurrentBench.operationsRunner","thrpt",4,40,15581.238142,135.335024,"ops/s",ONLINE_ADAPTIVE_MAP,STRING_DICTIONARY,42,8192,iterate,4
"se.su.dsv.online_concurrent.OnlineConcurrentBench.operationsRunner","thrpt",4,40,9688.147193,120.662207,"ops/s",ONLINE_ADAPTIVE_MAP,STRING_DICTIONARY,42,16384,iterate,4
"se.su.dsv.online_concurrent.OnlineConcurrentBench.operationsRunner","thrpt",4,40,1179.576946,17.093373,"ops/s",ONLINE_ADAPTIVE_MAP,STRING_DICTIONARY,42,131072,iterate,4
"se.su.dsv.online_concurrent.OnlineConcurrentBench.operationsRunner","thrpt",4,40,132.081576,2.167983,"ops/s",ONLINE_ADAPTIVE_MAP,STRING_DICTIONARY,42,1048576,iterate,4
"se.su.dsv.online_concurrent.OnlineConcurrentBench.operationsRunner","thrpt",8,40,39123.239757,444.304807,"ops/s",ONLINE_ADAPTIVE_MAP,STRING_DICTIONARY,42,128,iterate,8
"se.su.dsv.online_concurrent.OnlineConcurrentBench.operationsRunner","thrpt",8,40,37713.880777,244.517379,"ops/s",ONLINE_ADAPTIVE_MAP,STRING_DICTIONARY,42,1024,iterate,8
"se.su.dsv.online_concurrent.OnlineConcurrentBench.operationsRunner","thrpt",8,40,24964.286669,325.486170,"ops/s",ONLINE_ADAPTIVE_MAP,STRING_DICTIONARY,42,8192,iterate,8
"se.su.dsv.online_concurrent.OnlineConcurrentBench.operationsRunner","thrpt",8,40,17155.931707,242.583516,"ops/s",ONLINE_ADAPTIVE_MAP,STRING_DICTIONARY,42,16384,iterate,8
"se.su.dsv.online_concurrent.OnlineConcurrentBench.operationsRunner","thrpt",8,40,2111.450095,32.601366,"ops/s",ONLINE_ADAPTIVE_MAP,STRING_DICTIONARY,42,131072,iterate,8
"se.su.dsv.online_concurrent.OnlineConcurrentBench.operationsRunner","thrpt",8,40,228.524931,6.176113,"ops/s",ONLINE_ADAPTIVE_MAP,STRING_DICTIONARY,42,1048576,iterate,8
"se.su.dsv.online_concurrent.OnlineConcurrentBench.operationsRunner","thrpt",1,40,16646.745636,119.823002,"ops/s",ONLINE_ADAPTIVE_MAP,STRING_DICTIONARY,42,128,update,1
"se.su.dsv.online_concurrent.OnlineConcurrentBench.operationsRunner","thrpt",1,40,15356.102274,97.601285,"ops/s",ONLINE_ADAPTIVE_MAP,STRING_DICTIONARY,42,1024,update,1
"se.su.dsv.online_concurrent.OnlineConcurrentBench.operationsRunner","thrpt",1,40,6949.122369,90.756484,"ops/s",ONLINE_ADAPTIVE_MAP,STRING_DICTIONARY,42,8192,update,1
"se.su.dsv.online_concurrent.OnlineConcurrentBench.operationsRunner","thrpt",1,40,3920.961540,29.724614,"ops/s",ONLINE_ADAPTIVE_MAP,STRING_DICTIONARY,42,16384,update,1
"se.su.dsv.online_concurrent.OnlineConcurrentBench.operationsRunner","thrpt",1,40,366.333086,13.064039,"ops/s",ONLINE_ADAPTIVE_MAP,STRING_DICTIONARY,42,131072,update,1
"se.su.dsv.online_concurrent.OnlineConcurrentBench.operationsRunner","thrpt",1,40,37.953574,1.374574,"ops/s",ONLINE_ADAPTIVE_MAP,STRING_DICTIONARY,42,1048576,update,1
"se.su.dsv.online_concurrent.OnlineConcurrentBench.operationsRunner","thrpt",16,40,53861.119058,130.468313,"ops/s",ONLINE_ADAPTIVE_MAP,STRING_DICTIONARY,42,128,update,16
"se.su.dsv.online_concurrent.OnlineConcurrentBench.operationsRunner","thrpt",16,40,52346.077100,287.392166,"ops/s",ONLINE_ADAPTIVE_MAP,STRING_DICTIONARY,42,1024,update,16
"se.su.dsv.online_concurrent.OnlineConcurrentBench.operationsRunner","thrpt",16,40,41152.465945,408.364369,"ops/s",ONLINE_ADAPTIVE_MAP,STRING_DICTIONARY,42,8192,update,16
"se.su.dsv.online_concurrent.OnlineConcurrentBench.operationsRunner","thrpt",16,40,34507.643536,87.803497,"ops/s",ONLINE_ADAPTIVE_MAP,STRING_DICTIONARY,42,16384,update,16
"se.su.dsv.online_concurrent.OnlineConcurrentBench.operationsRunner","thrpt",16,40,5438.421152,75.980625,"ops/s",ONLINE_ADAPTIVE_MAP,STRING_DICTIONARY,42,131072,update,16
"se.su.dsv.online_concurrent.OnlineConcurrentBench.operationsRunner","thrpt",16,40,476.293079,35.682937,"ops/s",ONLINE_ADAPTIVE_MAP,STRING_DICTIONARY,42,1048576,update,16
"se.su.dsv.online_concurrent.OnlineConcurrentBench.operationsRunner","thrpt",2,40,22343.358875,318.993600,"ops/s",ONLINE_ADAPTIVE_MAP,STRING_DICTIONARY,42,128,update,2
"se.su.dsv.online_concurrent.OnlineConcurrentBench.operationsRunner","thrpt",2,40,21003.028512,110.729762,"ops/s",ONLINE_ADAPTIVE_MAP,STRING_DICTIONARY,42,1024,update,2
"se.su.dsv.online_concurrent.OnlineConcurrentBench.operationsRunner","thrpt",2,40,11588.678948,114.945294,"ops/s",ONLINE_ADAPTIVE_MAP,STRING_DICTIONARY,42,8192,update,2
"se.su.dsv.online_concurrent.OnlineConcurrentBench.operationsRunner","thrpt",2,40,6990.423322,54.098888,"ops/s",ONLINE_ADAPTIVE_MAP,STRING_DICTIONARY,42,16384,update,2
"se.su.dsv.online_concurrent.OnlineConcurrentBench.operationsRunner","thrpt",2,40,655.830142,12.633475,"ops/s",ONLINE_ADAPTIVE_MAP,STRING_DICTIONARY,42,131072,update,2
"se.su.dsv.online_concurrent.OnlineConcurrentBench.operationsRunner","thrpt",2,40,65.158691,1.614045,"ops/s",ONLINE_ADAPTIVE_MAP,STRING_DICTIONARY,42,1048576,update,2
"se.su.dsv.online_concurrent.OnlineConcurrentBench.operationsRunner","thrpt",32,40,72540.091190,1550.221155,"ops/s",ONLINE_ADAPTIVE_MAP,STRING_DICTIONARY,42,128,update,32
"se.su.dsv.online_concurrent.OnlineConcurrentBench.operationsRunner","thrpt",32,40,74065.495225,570.252393,"ops/s",ONLINE_ADAPTIVE_MAP,STRING_DICTIONARY,42,1024,update,32
"se.su.dsv.online_concurrent.OnlineConcurrentBench.operationsRunner","thrpt",32,40,63353.193880,506.115948,"ops/s",ONLINE_ADAPTIVE_MAP,STRING_DICTIONARY,42,8192,update,32
"se.su.dsv.online_concurrent.OnlineConcurrentBench.operationsRunner","thrpt",32,40,53007.499029,696.952445,"ops/s",ONLINE_ADAPTIVE_MAP,STRING_DICTIONARY,42,16384,update,32
"se.su.dsv.online_concurrent.OnlineConcurrentBench.operationsRunner","thrpt",32,40,8086.080028,606.292155,"ops/s",ONLINE_ADAPTIVE_MAP,STRING_DICTIONARY,42,131072,update,32
"se.su.dsv.online_concurrent.OnlineConcurrentBench.operationsRunner","thrpt",32,40,513.860849,73.748297,"ops/s",ONLINE_ADAPTIVE_MAP,STRING_DICTIONARY,42,1048576,update,32
"se.su.dsv.online_concurrent.OnlineConcurrentBench.operationsRunner","thrpt",4,40,29680.733600,306.550151,"ops/s",ONLINE_ADAPTIVE_MAP,STRING_DICTIONARY,42,128,update,4
"se.su.dsv.online_concurrent.OnlineConcurrentBench.operationsRunner","thrpt",4,40,28605.752803,178.333090,"ops/s",ONLINE_ADAPTIVE_MAP,STRING_DICTIONARY,42,1024,update,4
"se.su.dsv.online_concurrent.OnlineConcurrentBench.operationsRunner","thrpt",4,40,18262.732543,162.462093,"ops/s",ONLINE_ADAPTIVE_MAP,STRING_DICTIONARY,42,8192,update,4
"se.su.dsv.online_concurrent.OnlineConcurrentBench.operationsRunner","thrpt",4,40,11596.470088,114.632016,"ops/s",ONLINE_ADAPTIVE_MAP,STRING_DICTIONARY,42,16384,update,4
"se.su.dsv.online_concurrent.OnlineConcurrentBench.operationsRunner","thrpt",4,40,1171.311500,11.903163,"ops/s",ONLINE_ADAPTIVE_MAP,STRING_DICTIONARY,42,131072,update,4
"se.su.dsv.online_concurrent.OnlineConcurrentBench.operationsRunner","thrpt",4,40,113.239795,3.605352,"ops/s",ONLINE_ADAPTIVE_MAP,STRING_DICTIONARY,42,1048576,update,4
"se.su.dsv.online_concurrent.OnlineConcurrentBench.operationsRunner","thrpt",1,40,12968.087383,55.875469,"ops/s",WRAPPED_MAP,STRING_DICTIONARY,42,128,even,1
"se.su.dsv.online_concurrent.OnlineConcurrentBench.operationsRunner","thrpt",1,40,12962.618860,409.561414,"ops/s",WRAPPED_MAP,STRING_DICTIONARY,42,1024,even,1
"se.su.dsv.online_concurrent.OnlineConcurrentBench.operationsRunner","thrpt",1,40,5517.642392,51.365861,"ops/s",WRAPPED_MAP,STRING_DICTIONARY,42,8192,even,1
"se.su.dsv.online_concurrent.OnlineConcurrentBench.operationsRunner","thrpt",1,40,3115.170513,22.417280,"ops/s",WRAPPED_MAP,STRING_DICTIONARY,42,16384,even,1
"se.su.dsv.online_concurrent.OnlineConcurrentBench.operationsRunner","thrpt",1,40,384.018046,9.770177,"ops/s",WRAPPED_MAP,STRING_DICTIONARY,42,131072,even,1
"se.su.dsv.online_concurrent.OnlineConcurrentBench.operationsRunner","thrpt",1,40,41.420408,1.830573,"ops/s",WRAPPED_MAP,STRING_DICTIONARY,42,1048576,even,1
"se.su.dsv.online_concurrent.OnlineConcurrentBench.operationsRunner","thrpt",16,40,46489.871013,498.384696,"ops/s",WRAPPED_MAP,STRING_DICTIONARY,42,128,even,16
"se.su.dsv.online_concurrent.OnlineConcurrentBench.operationsRunner","thrpt",16,40,45279.385538,527.811680,"ops/s",WRAPPED_MAP,STRING_DICTIONARY,42,1024,even,16
"se.su.dsv.online_concurrent.OnlineConcurrentBench.operationsRunner","thrpt",16,40,36266.687391,628.864121,"ops/s",WRAPPED_MAP,STRING_DICTIONARY,42,8192,even,16
"se.su.dsv.online_concurrent.OnlineConcurrentBench.operationsRunner","thrpt",16,40,31156.995828,248.962874,"ops/s",WRAPPED_MAP,STRING_DICTIONARY,42,16384,even,16
"se.su.dsv.online_concurrent.OnlineConcurrentBench.operationsRunner","thrpt",16,40,5159.942395,89.843819,"ops/s",WRAPPED_MAP,STRING_DICTIONARY,42,131072,even,16
"se.su.dsv.online_concurrent.OnlineConcurrentBench.operationsRunner","thrpt",16,40,428.891257,29.635967,"ops/s",WRAPPED_MAP,STRING_DICTIONARY,42,1048576,even,16
"se.su.dsv.online_concurrent.OnlineConcurrentBench.operationsRunner","thrpt",2,40,17805.215061,455.445391,"ops/s",WRAPPED_MAP,STRING_DICTIONARY,42,128,even,2
"se.su.dsv.online_concurrent.OnlineConcurrentBench.operationsRunner","thrpt",2,40,16030.150405,65.729970,"ops/s",WRAPPED_MAP,STRING_DICTIONARY,42,1024,even,2
"se.su.dsv.online_concurrent.OnlineConcurrentBench.operationsRunner","thrpt",2,40,9067.159914,60.890913,"ops/s",WRAPPED_MAP,STRING_DICTIONARY,42,8192,even,2
"se.su.dsv.online_concurrent.OnlineConcurrentBench.operationsRunner","thrpt",2,40,5670.649360,32.808384,"ops/s",WRAPPED_MAP,STRING_DICTIONARY,42,16384,even,2
"se.su.dsv.online_concurrent.OnlineConcurrentBench.operationsRunner","thrpt",2,40,724.339241,11.383755,"ops/s",WRAPPED_MAP,STRING_DICTIONARY,42,131072,even,2
"se.su.dsv.online_concurrent.OnlineConcurrentBench.operationsRunner","thrpt",2,40,70.250182,1.571849,"ops/s",WRAPPED_MAP,STRING_DICTIONARY,42,1048576,even,2
"se.su.dsv.online_concurrent.OnlineConcurrentBench.operationsRunner","thrpt",32,40,65439.432282,1244.291014,"ops/s",WRAPPED_MAP,STRING_DICTIONARY,42,128,even,32
"se.su.dsv.online_concurrent.OnlineConcurrentBench.operationsRunner","thrpt",32,40,65685.487538,540.257964,"ops/s",WRAPPED_MAP,STRING_DICTIONARY,42,1024,even,32
"se.su.dsv.online_concurrent.OnlineConcurrentBench.operationsRunner","thrpt",32,40,56444.870114,594.347966,"ops/s",WRAPPED_MAP,STRING_DICTIONARY,42,8192,even,32
"se.su.dsv.online_concurrent.OnlineConcurrentBench.operationsRunner","thrpt",32,40,47724.531469,605.716563,"ops/s",WRAPPED_MAP,STRING_DICTIONARY,42,16384,even,32
"se.su.dsv.online_concurrent.OnlineConcurrentBench.operationsRunner","thrpt",32,40,8503.014236,385.827486,"ops/s",WRAPPED_MAP,STRING_DICTIONARY,42,131072,even,32
"se.su.dsv.online_concurrent.OnlineConcurrentBench.operationsRunner","thrpt",32,40,502.894992,97.029146,"ops/s",WRAPPED_MAP,STRING_DICTIONARY,42,1048576,even,32
"se.su.dsv.online_concurrent.OnlineConcurrentBench.operationsRunner","thrpt",4,40,23814.879974,212.213378,"ops/s",WRAPPED_MAP,STRING_DICTIONARY,42,128,even,4
"se.su.dsv.online_concurrent.OnlineConcurrentBench.operationsRunner","thrpt",4,40,22381.766380,68.068715,"ops/s",WRAPPED_MAP,STRING_DICTIONARY,42,1024,even,4
"se.su.dsv.online_concurrent.OnlineConcurrentBench.operationsRunner","thrpt",4,40,15589.121490,80.410949,"ops/s",WRAPPED_MAP,STRING_DICTIONARY,42,8192,even,4
"se.su.dsv.online_concurrent.OnlineConcurrentBench.operationsRunner","thrpt",4,40,10141.159943,71.446239,"ops/s",WRAPPED_MAP,STRING_DICTIONARY,42,16384,even,4
"se.su.dsv.online_concurrent.OnlineConcurrentBench.operationsRunner","thrpt",4,40,1417.402763,14.710179,"ops/s",WRAPPED_MAP,STRING_DICTIONARY,42,131072,even,4
"se.su.dsv.online_concurrent.OnlineConcurrentBench.operationsRunner","thrpt",4,40,132.979304,5.880223,"ops/s",WRAPPED_MAP,STRING_DICTIONARY,42,1048576,even,4
"se.su.dsv.online_concurrent.OnlineConcurrentBench.operationsRunner","thrpt",8,40,33509.904200,288.659707,"ops/s",WRAPPED_MAP,STRING_DICTIONARY,42,128,even,8
"se.su.dsv.online_concurrent.OnlineConcurrentBench.operationsRunner","thrpt",8,40,32614.707123,190.866144,"ops/s",WRAPPED_MAP,STRING_DICTIONARY,42,1024,even,8
"se.su.dsv.online_concurrent.OnlineConcurrentBench.operationsRunner","thrpt",8,40,23742.070116,544.973114,"ops/s",WRAPPED_MAP,STRING_DICTIONARY,42,8192,even,8
"se.su.dsv.online_concurrent.OnlineConcurrentBench.operationsRunner","thrpt",8,40,17923.130214,129.903107,"ops/s",WRAPPED_MAP,STRING_DICTIONARY,42,16384,even,8
"se.su.dsv.online_concurrent.OnlineConcurrentBench.operationsRunner","thrpt",8,40,2721.478051,31.491437,"ops/s",WRAPPED_MAP,STRING_DICTIONARY,42,131072,even,8
"se.su.dsv.online_concurrent.OnlineConcurrentBench.operationsRunner","thrpt",8,40,251.068577,13.659651,"ops/s",WRAPPED_MAP,STRING_DICTIONARY,42,1048576,even,8
"se.su.dsv.online_concurrent.OnlineConcurrentBench.operationsRunner","thrpt",1,40,9813.125007,57.176883,"ops/s",WRAPPED_MAP,STRING_DICTIONARY,42,128,iterate,1
"se.su.dsv.online_concurrent.OnlineConcurrentBench.operationsRunner","thrpt",1,40,9517.554450,49.083467,"ops/s",WRAPPED_MAP,STRING_DICTIONARY,42,1024,iterate,1
"se.su.dsv.online_concurrent.OnlineConcurrentBench.operationsRunner","thrpt",1,40,2715.889973,36.915233,"ops/s",WRAPPED_MAP,STRING_DICTIONARY,42,8192,iterate,1
"se.su.dsv.online_concurrent.OnlineConcurrentBench.operationsRunner","thrpt",1,40,1324.114796,10.123305,"ops/s",WRAPPED_MAP,STRING_DICTIONARY,42,16384,iterate,1
"se.su.dsv.online_concurrent.OnlineConcurrentBench.operationsRunner","thrpt",1,40,150.558206,3.028026,"ops/s",WRAPPED_MAP,STRING_DICTIONARY,42,131072,iterate,1
"se.su.dsv.online_concurrent.OnlineConcurrentBench.operationsRunner","thrpt",1,40,16.030678,0.753386,"ops/s",WRAPPED_MAP,STRING_DICTIONARY,42,1048576,iterate,1
"se.su.dsv.online_concurrent.OnlineConcurrentBench.operationsRunner","thrpt",16,40,35156.296103,111.948854,"ops/s",WRAPPED_MAP,STRING_DICTIONARY,42,128,iterate,16
"se.su.dsv.online_concurrent.OnlineConcurrentBench.operationsRunner","thrpt",16,40,33293.076188,170.381837,"ops/s",WRAPPED_MAP,STRING_DICTIONARY,42,1024,iterate,16
"se.su.dsv.online_concurrent.OnlineConcurrentBench.operationsRunner","thrpt",16,40,23804.411968,230.160830,"ops/s",WRAPPED_MAP,STRING_DICTIONARY,42,8192,iterate,16
"se.su.dsv.online_concurrent.OnlineConcurrentBench.operationsRunner","thrpt",16,40,16305.741507,46.439183,"ops/s",WRAPPED_MAP,STRING_DICTIONARY,42,16384,iterate,16
"se.su.dsv.online_concurrent.OnlineConcurrentBench.operationsRunner","thrpt",16,40,2186.438917,37.177695,"ops/s",WRAPPED_MAP,STRING_DICTIONARY,42,131072,iterate,16
"se.su.dsv.online_concurrent.OnlineConcurrentBench.operationsRunner","thrpt",16,40,167.346086,10.147061,"ops/s",WRAPPED_MAP,STRING_DICTIONARY,42,1048576,iterate,16
"se.su.dsv.online_concurrent.OnlineConcurrentBench.operationsRunner","thrpt",2,40,13223.906528,20.611147,"ops/s",WRAPPED_MAP,STRING_DICTIONARY,42,128,iterate,2
"se.su.dsv.online_concurrent.OnlineConcurrentBench.operationsRunner","thrpt",2,40,11659.157626,181.762729,"ops/s",WRAPPED_MAP,STRING_DICTIONARY,42,1024,iterate,2
"se.su.dsv.online_concurrent.OnlineConcurrentBench.operationsRunner","thrpt",2,40,4800.829587,21.013076,"ops/s",WRAPPED_MAP,STRING_DICTIONARY,42,8192,iterate,2
"se.su.dsv.online_concurrent.OnlineConcurrentBench.operationsRunner","thrpt",2,40,2527.628254,31.217292,"ops/s",WRAPPED_MAP,STRING_DICTIONARY,42,16384,iterate,2
"se.su.dsv.online_concurrent.OnlineConcurrentBench.operationsRunner","thrpt",2,40,290.653437,4.776378,"ops/s",WRAPPED_MAP,STRING_DICTIONARY,42,131072,iterate,2
"se.su.dsv.online_concurrent.OnlineConcurrentBench.operationsRunner","thrpt",2,40,26.437107,0.891578,"ops/s",WRAPPED_MAP,STRING_DICTIONARY,42,1048576,iterate,2
"se.su.dsv.online_concurrent.OnlineConcurrentBench.operationsRunner","thrpt",32,40,48424.943476,586.554083,"ops/s",WRAPPED_MAP,STRING_DICTIONARY,42,128,iterate,32
"se.su.dsv.online_concurrent.OnlineConcurrentBench.operationsRunner","thrpt",32,40,47815.611062,1019.745427,"ops/s",WRAPPED_MAP,STRING_DICTIONARY,42,1024,iterate,32
"se.su.dsv.online_concurrent.OnlineConcurrentBench.operationsRunner","thrpt",32,40,35470.707664,597.054961,"ops/s",WRAPPED_MAP,STRING_DICTIONARY,42,8192,iterate,32
"se.su.dsv.online_concurrent.OnlineConcurrentBench.operationsRunner","thrpt",32,40,27848.171494,156.411620,"ops/s",WRAPPED_MAP,STRING_DICTIONARY,42,16384,iterate,32
"se.su.dsv.online_concurrent.OnlineConcurrentBench.operationsRunner","thrpt",32,40,3718.119661,184.543313,"ops/s",WRAPPED_MAP,STRING_DICTIONARY,42,131072,iterate,32
"se.su.dsv.online_concurrent.OnlineConcurrentBench.operationsRunner","thrpt",32,40,194.029616,26.244526,"ops/s",WRAPPED_MAP,STRING_DICTIONARY,42,1048576,iterate,32
"se.su.dsv.online_concurrent.OnlineConcurrentBench.operationsRunner","thrpt",4,40,18412.577089,249.446570,"ops/s",WRAPPED_MAP,STRING_DICTIONARY,42,128,iterate,4
"se.su.dsv.online_concurrent.OnlineConcurrentBench.operationsRunner","thrpt",4,40,16119.943479,77.717420,"ops/s",WRAPPED_MAP,STRING_DICTIONARY,42,1024,iterate,4
"se.su.dsv.online_concurrent.OnlineConcurrentBench.operationsRunner","thrpt",4,40,8308.204172,24.172214,"ops/s",WRAPPED_MAP,STRING_DICTIONARY,42,8192,iterate,4
"se.su.dsv.online_concurrent.OnlineConcurrentBench.operationsRunner","thrpt",4,40,4841.579731,41.447774,"ops/s",WRAPPED_MAP,STRING_DICTIONARY,42,16384,iterate,4
"se.su.dsv.online_concurrent.OnlineConcurrentBench.operationsRunner","thrpt",4,40,567.920104,7.380979,"ops/s",WRAPPED_MAP,STRING_DICTIONARY,42,131072,iterate,4
"se.su.dsv.online_concurrent.OnlineConcurrentBench.operationsRunner","thrpt",4,40,52.291168,1.805940,"ops/s",WRAPPED_MAP,STRING_DICTIONARY,42,1048576,iterate,4
"se.su.dsv.online_concurrent.OnlineConcurrentBench.operationsRunner","thrpt",8,40,25422.601033,325.229246,"ops/s",WRAPPED_MAP,STRING_DICTIONARY,42,128,iterate,8
"se.su.dsv.online_concurrent.OnlineConcurrentBench.operationsRunner","thrpt",8,40,22938.780594,300.555666,"ops/s",WRAPPED_MAP,STRING_DICTIONARY,42,1024,iterate,8
"se.su.dsv.online_concurrent.OnlineConcurrentBench.operationsRunner","thrpt",8,40,14265.026628,101.844079,"ops/s",WRAPPED_MAP,STRING_DICTIONARY,42,8192,iterate,8
"se.su.dsv.online_concurrent.OnlineConcurrentBench.operationsRunner","thrpt",8,40,8915.777084,37.759978,"ops/s",WRAPPED_MAP,STRING_DICTIONARY,42,16384,iterate,8
"se.su.dsv.online_concurrent.OnlineConcurrentBench.operationsRunner","thrpt",8,40,1110.972369,16.181842,"ops/s",WRAPPED_MAP,STRING_DICTIONARY,42,131072,iterate,8
"se.su.dsv.online_concurrent.OnlineConcurrentBench.operationsRunner","thrpt",8,40,98.246546,6.166094,"ops/s",WRAPPED_MAP,STRING_DICTIONARY,42,1048576,iterate,8
"se.su.dsv.online_concurrent.OnlineConcurrentBench.operationsRunner","thrpt",1,40,14868.332385,44.006385,"ops/s",WRAPPED_MAP,STRING_DICTIONARY,42,128,update,1
"se.su.dsv.online_concurrent.OnlineConcurrentBench.operationsRunner","thrpt",1,40,14355.518506,51.189714,"ops/s",WRAPPED_MAP,STRING_DICTIONARY,42,1024,update,1
"se.su.dsv.online_concurrent.OnlineConcurrentBench.operationsRunner","thrpt",1,40,5970.160983,58.014869,"ops/s",WRAPPED_MAP,STRING_DICTIONARY,42,8192,update,1
"se.su.dsv.online_concurrent.OnlineConcurrentBench.operationsRunner","thrpt",1,40,3327.737869,28.767124,"ops/s",WRAPPED_MAP,STRING_DICTIONARY,42,16384,update,1
"se.su.dsv.online_concurrent.OnlineConcurrentBench.operationsRunner","thrpt",1,40,418.065043,7.370251,"ops/s",WRAPPED_MAP,STRING_DICTIONARY,42,131072,update,1
"se.su.dsv.online_concurrent.OnlineConcurrentBench.operationsRunner","thrpt",1,40,45.448661,1.601090,"ops/s",WRAPPED_MAP,STRING_DICTIONARY,42,1048576,update,1
"se.su.dsv.online_concurrent.OnlineConcurrentBench.operationsRunner","thrpt",16,40,53048.398409,562.408013,"ops/s",WRAPPED_MAP,STRING_DICTIONARY,42,128,update,16
"se.su.dsv.online_concurrent.OnlineConcurrentBench.operationsRunner","thrpt",16,40,51931.045554,409.003820,"ops/s",WRAPPED_MAP,STRING_DICTIONARY,42,1024,update,16
"se.su.dsv.online_concurrent.OnlineConcurrentBench.operationsRunner","thrpt",16,40,40913.486809,623.223922,"ops/s",WRAPPED_MAP,STRING_DICTIONARY,42,8192,update,16
"se.su.dsv.online_concurrent.OnlineConcurrentBench.operationsRunner","thrpt",16,40,34285.342623,155.715845,"ops/s",WRAPPED_MAP,STRING_DICTIONARY,42,16384,update,16
"se.su.dsv.online_concurrent.OnlineConcurrentBench.operationsRunner","thrpt",16,40,5458.900324,70.700557,"ops/s",WRAPPED_MAP,STRING_DICTIONARY,42,131072,update,16
"se.su.dsv.online_concurrent.OnlineConcurrentBench.operationsRunner","thrpt",16,40,475.956167,41.578580,"ops/s",WRAPPED_MAP,STRING_DICTIONARY,42,1048576,update,16
"se.su.dsv.online_concurrent.OnlineConcurrentBench.operationsRunner","thrpt",2,40,20047.036047,335.642732,"ops/s",WRAPPED_MAP,STRING_DICTIONARY,42,128,update,2
"se.su.dsv.online_concurrent.OnlineConcurrentBench.operationsRunner","thrpt",2,40,18329.954370,153.942670,"ops/s",WRAPPED_MAP,STRING_DICTIONARY,42,1024,update,2
"se.su.dsv.online_concurrent.OnlineConcurrentBench.operationsRunner","thrpt",2,40,9917.976315,80.463268,"ops/s",WRAPPED_MAP,STRING_DICTIONARY,42,8192,update,2
"se.su.dsv.online_concurrent.OnlineConcurrentBench.operationsRunner","thrpt",2,40,5920.147334,17.007419,"ops/s",WRAPPED_MAP,STRING_DICTIONARY,42,16384,update,2
"se.su.dsv.online_concurrent.OnlineConcurrentBench.operationsRunner","thrpt",2,40,806.021964,10.128398,"ops/s",WRAPPED_MAP,STRING_DICTIONARY,42,131072,update,2
"se.su.dsv.online_concurrent.OnlineConcurrentBench.operationsRunner","thrpt",2,40,75.384985,2.422665,"ops/s",WRAPPED_MAP,STRING_DICTIONARY,42,1048576,update,2
"se.su.dsv.online_concurrent.OnlineConcurrentBench.operationsRunner","thrpt",32,40,74243.603798,986.910742,"ops/s",WRAPPED_MAP,STRING_DICTIONARY,42,128,update,32
"se.su.dsv.online_concurrent.OnlineConcurrentBench.operationsRunner","thrpt",32,40,73019.395675,1371.543538,"ops/s",WRAPPED_MAP,STRING_DICTIONARY,42,1024,update,32
"se.su.dsv.online_concurrent.OnlineConcurrentBench.operationsRunner","thrpt",32,40,63567.665745,962.756273,"ops/s",WRAPPED_MAP,STRING_DICTIONARY,42,8192,update,32
"se.su.dsv.online_concurrent.OnlineConcurrentBench.operationsRunner","thrpt",32,40,53679.722506,878.882018,"ops/s",WRAPPED_MAP,STRING_DICTIONARY,42,16384,update,32
"se.su.dsv.online_concurrent.OnlineConcurrentBench.operationsRunner","thrpt",32,40,8681.168517,458.454619,"ops/s",WRAPPED_MAP,STRING_DICTIONARY,42,131072,update,32
"se.su.dsv.online_concurrent.OnlineConcurrentBench.operationsRunner","thrpt",32,40,536.669349,97.852482,"ops/s",WRAPPED_MAP,STRING_DICTIONARY,42,1048576,update,32
"se.su.dsv.online_concurrent.OnlineConcurrentBench.operationsRunner","thrpt",4,40,27948.777344,188.201609,"ops/s",WRAPPED_MAP,STRING_DICTIONARY,42,128,update,4
"se.su.dsv.online_concurrent.OnlineConcurrentBench.operationsRunner","thrpt",4,40,25453.291091,76.529445,"ops/s",WRAPPED_MAP,STRING_DICTIONARY,42,1024,update,4
"se.su.dsv.online_concurrent.OnlineConcurrentBench.operationsRunner","thrpt",4,40,17299.458275,86.143219,"ops/s",WRAPPED_MAP,STRING_DICTIONARY,42,8192,update,4
"se.su.dsv.online_concurrent.OnlineConcurrentBench.operationsRunner","thrpt",4,40,10880.050242,63.579128,"ops/s",WRAPPED_MAP,STRING_DICTIONARY,42,16384,update,4
"se.su.dsv.online_concurrent.OnlineConcurrentBench.operationsRunner","thrpt",4,40,1535.014197,18.599528,"ops/s",WRAPPED_MAP,STRING_DICTIONARY,42,131072,update,4
"se.su.dsv.online_concurrent.OnlineConcurrentBench.operationsRunner","thrpt",4,40,143.003406,4.631108,"ops/s",WRAPPED_MAP,STRING_DICTIONARY,42,1048576,update,4
"se.su.dsv.online_concurrent.OnlineConcurrentBench.operationsRunner","thrpt",8,40,38589.148391,466.977061,"ops/s",WRAPPED_MAP,STRING_DICTIONARY,42,128,update,8
"se.su.dsv.online_concurrent.OnlineConcurrentBench.operationsRunner","thrpt",8,40,36824.746802,202.368359,"ops/s",WRAPPED_MAP,STRING_DICTIONARY,42,1024,update,8
"se.su.dsv.online_concurrent.OnlineConcurrentBench.operationsRunner","thrpt",8,40,26943.298996,455.568589,"ops/s",WRAPPED_MAP,STRING_DICTIONARY,42,8192,update,8
"se.su.dsv.online_concurrent.OnlineConcurrentBench.operationsRunner","thrpt",8,40,19803.025081,84.198676,"ops/s",WRAPPED_MAP,STRING_DICTIONARY,42,16384,update,8
"se.su.dsv.online_concurrent.OnlineConcurrentBench.operationsRunner","thrpt",8,40,2934.201911,26.131350,"ops/s",WRAPPED_MAP,STRING_DICTIONARY,42,131072,update,8
"se.su.dsv.online_concurrent.OnlineConcurrentBench.operationsRunner","thrpt",8,40,268.020648,9.126245,"ops/s",WRAPPED_MAP,STRING_DICTIONARY,42,1048576,update,8
"se.su.dsv.online_concurrent.OnlineConcurrentBench.operationsRunner","thrpt",1,40,15725.301835,64.804213,"ops/s",ONLINE_ADAPTIVE_LIST,STRING_DICTIONARY,42,128,even,1
"se.su.dsv.online_concurrent.OnlineConcurrentBench.operationsRunner","thrpt",1,40,14479.259617,35.912844,"ops/s",ONLINE_ADAPTIVE_LIST,STRING_DICTIONARY,42,1024,even,1
"se.su.dsv.online_concurrent.OnlineConcurrentBench.operationsRunner","thrpt",1,40,6928.355342,428.130586,"ops/s",ONLINE_ADAPTIVE_LIST,STRING_DICTIONARY,42,8192,even,1
"se.su.dsv.online_concurrent.OnlineConcurrentBench.operationsRunner","thrpt",1,40,4980.480532,45.727519,"ops/s",ONLINE_ADAPTIVE_LIST,STRING_DICTIONARY,42,16384,even,1
"se.su.dsv.online_concurrent.OnlineConcurrentBench.operationsRunner","thrpt",1,40,382.527171,37.587450,"ops/s",ONLINE_ADAPTIVE_LIST,STRING_DICTIONARY,42,131072,even,1
"se.su.dsv.online_concurrent.OnlineConcurrentBench.operationsRunner","thrpt",1,40,59.953509,3.860496,"ops/s",ONLINE_ADAPTIVE_LIST,STRING_DICTIONARY,42,1048576,even,1
"se.su.dsv.online_concurrent.OnlineConcurrentBench.operationsRunner","thrpt",16,40,44285.008755,462.936969,"ops/s",ONLINE_ADAPTIVE_LIST,STRING_DICTIONARY,42,128,even,16
"se.su.dsv.online_concurrent.OnlineConcurrentBench.operationsRunner","thrpt",16,40,42916.294223,455.624005,"ops/s",ONLINE_ADAPTIVE_LIST,STRING_DICTIONARY,42,1024,even,16
"se.su.dsv.online_concurrent.OnlineConcurrentBench.operationsRunner","thrpt",16,40,33823.037579,248.069624,"ops/s",ONLINE_ADAPTIVE_LIST,STRING_DICTIONARY,42,8192,even,16
"se.su.dsv.online_concurrent.OnlineConcurrentBench.operationsRunner","thrpt",16,40,27354.243126,293.549149,"ops/s",ONLINE_ADAPTIVE_LIST,STRING_DICTIONARY,42,16384,even,16
"se.su.dsv.online_concurrent.OnlineConcurrentBench.operationsRunner","thrpt",16,40,4223.447536,104.020566,"ops/s",ONLINE_ADAPTIVE_LIST,STRING_DICTIONARY,42,131072,even,16
"se.su.dsv.online_concurrent.OnlineConcurrentBench.operationsRunner","thrpt",16,40,330.809420,18.030139,"ops/s",ONLINE_ADAPTIVE_LIST,STRING_DICTIONARY,42,1048576,even,16
"se.su.dsv.online_concurrent.OnlineConcurrentBench.operationsRunner","thrpt",2,40,20624.554819,296.412063,"ops/s",ONLINE_ADAPTIVE_LIST,STRING_DICTIONARY,42,128,even,2
"se.su.dsv.online_concurrent.OnlineConcurrentBench.operationsRunner","thrpt",2,40,19677.645617,176.396503,"ops/s",ONLINE_ADAPTIVE_LIST,STRING_DICTIONARY,42,1024,even,2
"se.su.dsv.online_concurrent.OnlineConcurrentBench.operationsRunner","thrpt",2,40,11475.479459,481.054397,"ops/s",ONLINE_ADAPTIVE_LIST,STRING_DICTIONARY,42,8192,even,2
"se.su.dsv.online_concurrent.OnlineConcurrentBench.operationsRunner","thrpt",2,40,8307.371335,467.604557,"ops/s",ONLINE_ADAPTIVE_LIST,STRING_DICTIONARY,42,16384,even,2
"se.su.dsv.online_concurrent.OnlineConcurrentBench.operationsRunner","thrpt",2,40,560.412304,50.215663,"ops/s",ONLINE_ADAPTIVE_LIST,STRING_DICTIONARY,42,131072,even,2
"se.su.dsv.online_concurrent.OnlineConcurrentBench.operationsRunner","thrpt",2,40,103.029740,4.567535,"ops/s",ONLINE_ADAPTIVE_LIST,STRING_DICTIONARY,42,1048576,even,2
"se.su.dsv.online_concurrent.OnlineConcurrentBench.operationsRunner","thrpt",32,40,56525.404275,464.634460,"ops/s",ONLINE_ADAPTIVE_LIST,STRING_DICTIONARY,42,128,even,32
"se.su.dsv.online_concurrent.OnlineConcurrentBench.operationsRunner","thrpt",32,40,55333.306506,453.867234,"ops/s",ONLINE_ADAPTIVE_LIST,STRING_DICTIONARY,42,1024,even,32
"se.su.dsv.online_concurrent.OnlineConcurrentBench.operationsRunner","thrpt",32,40,42632.806234,313.451417,"ops/s",ONLINE_ADAPTIVE_LIST,STRING_DICTIONARY,42,8192,even,32
"se.su.dsv.online_concurrent.OnlineConcurrentBench.operationsRunner","thrpt",32,40,36067.556680,356.319184,"ops/s",ONLINE_ADAPTIVE_LIST,STRING_DICTIONARY,42,16384,even,32
"se.su.dsv.online_concurrent.OnlineConcurrentBench.operationsRunner","thrpt",32,40,6065.774688,349.104940,"ops/s",ONLINE_ADAPTIVE_LIST,STRING_DICTIONARY,42,131072,even,32
"se.su.dsv.online_concurrent.OnlineConcurrentBench.operationsRunner","thrpt",32,40,366.663002,33.870936,"ops/s",ONLINE_ADAPTIVE_LIST,STRING_DICTIONARY,42,1048576,even,32
"se.su.dsv.online_concurrent.OnlineConcurrentBench.operationsRunner","thrpt",4,40,28665.227028,189.481035,"ops/s",ONLINE_ADAPTIVE_LIST,STRING_DICTIONARY,42,128,even,4
"se.su.dsv.online_concurrent.OnlineConcurrentBench.operationsRunner","thrpt",4,40,26860.293042,274.039852,"ops/s",ONLINE_ADAPTIVE_LIST,STRING_DICTIONARY,42,1024,even,4
"se.su.dsv.online_concurrent.OnlineConcurrentBench.operationsRunner","thrpt",4,40,17958.407069,677.206045,"ops/s",ONLINE_ADAPTIVE_LIST,STRING_DICTIONARY,42,8192,even,4
"se.su.dsv.online_concurrent.OnlineConcurrentBench.operationsRunner","thrpt",4,40,13245.457359,554.448770,"ops/s",ONLINE_ADAPTIVE_LIST,STRING_DICTIONARY,42,16384,even,4
"se.su.dsv.online_concurrent.OnlineConcurrentBench.operationsRunner","thrpt",4,40,1227.849115,98.507813,"ops/s",ONLINE_ADAPTIVE_LIST,STRING_DICTIONARY,42,131072,even,4
"se.su.dsv.online_concurrent.OnlineConcurrentBench.operationsRunner","thrpt",4,40,180.764567,7.523043,"ops/s",ONLINE_ADAPTIVE_LIST,STRING_DICTIONARY,42,1048576,even,4
"se.su.dsv.online_concurrent.OnlineConcurrentBench.operationsRunner","thrpt",8,40,37966.950614,259.222181,"ops/s",ONLINE_ADAPTIVE_LIST,STRING_DICTIONARY,42,128,even,8
"se.su.dsv.online_concurrent.OnlineConcurrentBench.operationsRunner","thrpt",8,40,36220.773755,116.759000,"ops/s",ONLINE_ADAPTIVE_LIST,STRING_DICTIONARY,42,1024,even,8
"se.su.dsv.online_concurrent.OnlineConcurrentBench.operationsRunner","thrpt",8,40,26253.157685,1205.679921,"ops/s",ONLINE_ADAPTIVE_LIST,STRING_DICTIONARY,42,8192,even,8
"se.su.dsv.online_concurrent.OnlineConcurrentBench.operationsRunner","thrpt",8,40,21392.802078,238.526461,"ops/s",ONLINE_ADAPTIVE_LIST,STRING_DICTIONARY,42,16384,even,8
"se.su.dsv.online_concurrent.OnlineConcurrentBench.operationsRunner","thrpt",8,40,2397.339120,129.817316,"ops/s",ONLINE_ADAPTIVE_LIST,STRING_DICTIONARY,42,131072,even,8
"se.su.dsv.online_concurrent.OnlineConcurrentBench.operationsRunner","thrpt",8,40,284.664533,8.756354,"ops/s",ONLINE_ADAPTIVE_LIST,STRING_DICTIONARY,42,1048576,even,8
"se.su.dsv.online_concurrent.OnlineConcurrentBench.operationsRunner","thrpt",1,40,19341.529617,170.231981,"ops/s",ONLINE_ADAPTIVE_LIST,STRING_DICTIONARY,42,128,iterate,1
"se.su.dsv.online_concurrent.OnlineConcurrentBench.operationsRunner","thrpt",1,40,18046.487009,75.503183,"ops/s",ONLINE_ADAPTIVE_LIST,STRING_DICTIONARY,42,1024,iterate,1
"se.su.dsv.online_concurrent.OnlineConcurrentBench.operationsRunner","thrpt",1,40,9548.074650,86.160176,"ops/s",ONLINE_ADAPTIVE_LIST,STRING_DICTIONARY,42,8192,iterate,1
"se.su.dsv.online_concurrent.OnlineConcurrentBench.operationsRunner","thrpt",1,40,5602.393781,44.490314,"ops/s",ONLINE_ADAPTIVE_LIST,STRING_DICTIONARY,42,16384,iterate,1
"se.su.dsv.online_concurrent.OnlineConcurrentBench.operationsRunner","thrpt",1,40,730.351902,2.884301,"ops/s",ONLINE_ADAPTIVE_LIST,STRING_DICTIONARY,42,131072,iterate,1
"se.su.dsv.online_concurrent.OnlineConcurrentBench.operationsRunner","thrpt",1,40,84.325108,1.879457,"ops/s",ONLINE_ADAPTIVE_LIST,STRING_DICTIONARY,42,1048576,iterate,1
"se.su.dsv.online_concurrent.OnlineConcurrentBench.operationsRunner","thrpt",16,40,71647.735197,197.552505,"ops/s",ONLINE_ADAPTIVE_LIST,STRING_DICTIONARY,42,128,iterate,16
"se.su.dsv.online_concurrent.OnlineConcurrentBench.operationsRunner","thrpt",16,40,65461.640399,723.278644,"ops/s",ONLINE_ADAPTIVE_LIST,STRING_DICTIONARY,42,1024,iterate,16
"se.su.dsv.online_concurrent.OnlineConcurrentBench.operationsRunner","thrpt",16,40,59309.830915,568.001978,"ops/s",ONLINE_ADAPTIVE_LIST,STRING_DICTIONARY,42,8192,iterate,16
"se.su.dsv.online_concurrent.OnlineConcurrentBench.operationsRunner","thrpt",16,40,47145.390705,891.941351,"ops/s",ONLINE_ADAPTIVE_LIST,STRING_DICTIONARY,42,16384,iterate,16
"se.su.dsv.online_concurrent.OnlineConcurrentBench.operationsRunner","thrpt",16,40,8950.814559,112.692295,"ops/s",ONLINE_ADAPTIVE_LIST,STRING_DICTIONARY,42,131072,iterate,16
"se.su.dsv.online_concurrent.OnlineConcurrentBench.operationsRunner","thrpt",16,40,806.864637,19.132283,"ops/s",ONLINE_ADAPTIVE_LIST,STRING_DICTIONARY,42,1048576,iterate,16
"se.su.dsv.online_concurrent.OnlineConcurrentBench.operationsRunner","thrpt",2,40,27444.983836,359.940413,"ops/s",ONLINE_ADAPTIVE_LIST,STRING_DICTIONARY,42,128,iterate,2
"se.su.dsv.online_concurrent.OnlineConcurrentBench.operationsRunner","thrpt",2,40,25786.017316,142.792072,"ops/s",ONLINE_ADAPTIVE_LIST,STRING_DICTIONARY,42,1024,iterate,2
"se.su.dsv.online_concurrent.OnlineConcurrentBench.operationsRunner","thrpt",2,40,15908.732906,204.228033,"ops/s",ONLINE_ADAPTIVE_LIST,STRING_DICTIONARY,42,8192,iterate,2
"se.su.dsv.online_concurrent.OnlineConcurrentBench.operationsRunner","thrpt",2,40,10303.183095,97.312768,"ops/s",ONLINE_ADAPTIVE_LIST,STRING_DICTIONARY,42,16384,iterate,2
"se.su.dsv.online_concurrent.OnlineConcurrentBench.operationsRunner","thrpt",2,40,1440.563287,20.494968,"ops/s",ONLINE_ADAPTIVE_LIST,STRING_DICTIONARY,42,131072,iterate,2
"se.su.dsv.online_concurrent.OnlineConcurrentBench.operationsRunner","thrpt",2,40,169.703096,3.380675,"ops/s",ONLINE_ADAPTIVE_LIST,STRING_DICTIONARY,42,1048576,iterate,2
"se.su.dsv.online_concurrent.OnlineConcurrentBench.operationsRunner","thrpt",32,40,71968.453665,399.316558,"ops/s",ONLINE_ADAPTIVE_LIST,STRING_DICTIONARY,42,128,iterate,32
"se.su.dsv.online_concurrent.OnlineConcurrentBench.operationsRunner","thrpt",32,40,70182.903886,349.205137,"ops/s",ONLINE_ADAPTIVE_LIST,STRING_DICTIONARY,42,1024,iterate,32
"se.su.dsv.online_concurrent.OnlineConcurrentBench.operationsRunner","thrpt",32,40,57697.335061,284.504091,"ops/s",ONLINE_ADAPTIVE_LIST,STRING_DICTIONARY,42,8192,iterate,32
"se.su.dsv.online_concurrent.OnlineConcurrentBench.operationsRunner","thrpt",32,40,47103.584700,196.275480,"ops/s",ONLINE_ADAPTIVE_LIST,STRING_DICTIONARY,42,16384,iterate,32
"se.su.dsv.online_concurrent.OnlineConcurrentBench.operationsRunner","thrpt",32,40,9529.578747,177.918741,"ops/s",ONLINE_ADAPTIVE_LIST,STRING_DICTIONARY,42,131072,iterate,32
"se.su.dsv.online_concurrent.OnlineConcurrentBench.operationsRunner","thrpt",32,40,796.441741,16.270269,"ops/s",ONLINE_ADAPTIVE_LIST,STRING_DICTIONARY,42,1048576,iterate,32
"se.su.dsv.online_concurrent.OnlineConcurrentBench.operationsRunner","thrpt",4,40,38419.462795,136.104186,"ops/s",ONLINE_ADAPTIVE_LIST,STRING_DICTIONARY,42,128,iterate,4
"se.su.dsv.online_concurrent.OnlineConcurrentBench.operationsRunner","thrpt",4,40,36773.971958,106.777204,"ops/s",ONLINE_ADAPTIVE_LIST,STRING_DICTIONARY,42,1024,iterate,4
"se.su.dsv.online_concurrent.OnlineConcurrentBench.operationsRunner","thrpt",4,40,26255.567607,138.642580,"ops/s",ONLINE_ADAPTIVE_LIST,STRING_DICTIONARY,42,8192,iterate,4
"se.su.dsv.online_concurrent.OnlineConcurrentBench.operationsRunner","thrpt",4,40,18382.523703,103.217051,"ops/s",ONLINE_ADAPTIVE_LIST,STRING_DICTIONARY,42,16384,iterate,4
"se.su.dsv.online_concurrent.OnlineConcurrentBench.operationsRunner","thrpt",4,40,2795.063825,45.637655,"ops/s",ONLINE_ADAPTIVE_LIST,STRING_DICTIONARY,42,131072,iterate,4
"se.su.dsv.online_concurrent.OnlineConcurrentBench.operationsRunner","thrpt",4,40,321.904212,10.908883,"ops/s",ONLINE_ADAPTIVE_LIST,STRING_DICTIONARY,42,1048576,iterate,4
"se.su.dsv.online_concurrent.OnlineConcurrentBench.operationsRunner","thrpt",8,40,52104.478953,246.195691,"ops/s",ONLINE_ADAPTIVE_LIST,STRING_DICTIONARY,42,128,iterate,8
"se.su.dsv.online_concurrent.OnlineConcurrentBench.operationsRunner","thrpt",8,40,53444.900569,908.693812,"ops/s",ONLINE_ADAPTIVE_LIST,STRING_DICTIONARY,42,1024,iterate,8
"se.su.dsv.online_concurrent.OnlineConcurrentBench.operationsRunner","thrpt",8,40,39837.213657,286.771994,"ops/s",ONLINE_ADAPTIVE_LIST,STRING_DICTIONARY,42,8192,iterate,8
"se.su.dsv.online_concurrent.OnlineConcurrentBench.operationsRunner","thrpt",8,40,30332.112699,234.539629,"ops/s",ONLINE_ADAPTIVE_LIST,STRING_DICTIONARY,42,16384,iterate,8
"se.su.dsv.online_concurrent.OnlineConcurrentBench.operationsRunner","thrpt",8,40,5096.595537,60.973042,"ops/s",ONLINE_ADAPTIVE_LIST,STRING_DICTIONARY,42,131072,iterate,8
"se.su.dsv.online_concurrent.OnlineConcurrentBench.operationsRunner","thrpt",8,40,580.719257,9.444628,"ops/s",ONLINE_ADAPTIVE_LIST,STRING_DICTIONARY,42,1048576,iterate,8
"se.su.dsv.online_concurrent.OnlineConcurrentBench.operationsRunner","thrpt",1,40,19478.752145,170.641893,"ops/s",ONLINE_ADAPTIVE_LIST,STRING_DICTIONARY,42,128,update,1
"se.su.dsv.online_concurrent.OnlineConcurrentBench.operationsRunner","thrpt",1,40,18373.101280,102.565974,"ops/s",ONLINE_ADAPTIVE_LIST,STRING_DICTIONARY,42,1024,update,1
"se.su.dsv.online_concurrent.OnlineConcurrentBench.operationsRunner","thrpt",1,40,10207.893498,42.746482,"ops/s",ONLINE_ADAPTIVE_LIST,STRING_DICTIONARY,42,8192,update,1
"se.su.dsv.online_concurrent.OnlineConcurrentBench.operationsRunner","thrpt",1,40,6606.986155,40.078884,"ops/s",ONLINE_ADAPTIVE_LIST,STRING_DICTIONARY,42,16384,update,1
"se.su.dsv.online_concurrent.OnlineConcurrentBench.operationsRunner","thrpt",1,40,626.373080,31.229572,"ops/s",ONLINE_ADAPTIVE_LIST,STRING_DICTIONARY,42,131072,update,1
"se.su.dsv.online_concurrent.OnlineConcurrentBench.operationsRunner","thrpt",1,40,78.455451,4.799592,"ops/s",ONLINE_ADAPTIVE_LIST,STRING_DICTIONARY,42,1048576,update,1
"se.su.dsv.online_concurrent.OnlineConcurrentBench.operationsRunner","thrpt",16,40,46956.800771,266.896818,"ops/s",ONLINE_ADAPTIVE_LIST,STRING_DICTIONARY,42,128,update,16
"se.su.dsv.online_concurrent.OnlineConcurrentBench.operationsRunner","thrpt",16,40,45315.504500,321.637784,"ops/s",ONLINE_ADAPTIVE_LIST,STRING_DICTIONARY,42,1024,update,16
"se.su.dsv.online_concurrent.OnlineConcurrentBench.operationsRunner","thrpt",16,40,35183.359067,723.856641,"ops/s",ONLINE_ADAPTIVE_LIST,STRING_DICTIONARY,42,8192,update,16
"se.su.dsv.online_concurrent.OnlineConcurrentBench.operationsRunner","thrpt",16,40,25446.553918,229.497715,"ops/s",ONLINE_ADAPTIVE_LIST,STRING_DICTIONARY,42,16384,update,16
"se.su.dsv.online_concurrent.OnlineConcurrentBench.operationsRunner","thrpt",16,40,4354.802018,99.635337,"ops/s",ONLINE_ADAPTIVE_LIST,STRING_DICTIONARY,42,131072,update,16
"se.su.dsv.online_concurrent.OnlineConcurrentBench.operationsRunner","thrpt",16,40,314.774526,17.589114,"ops/s",ONLINE_ADAPTIVE_LIST,STRING_DICTIONARY,42,1048576,update,16
"se.su.dsv.online_concurrent.OnlineConcurrentBench.operationsRunner","thrpt",2,40,26106.205754,195.169741,"ops/s",ONLINE_ADAPTIVE_LIST,STRING_DICTIONARY,42,128,update,2
"se.su.dsv.online_concurrent.OnlineConcurrentBench.operationsRunner","thrpt",2,40,24598.826672,255.359381,"ops/s",ONLINE_ADAPTIVE_LIST,STRING_DICTIONARY,42,1024,update,2
"se.su.dsv.online_concurrent.OnlineConcurrentBench.operationsRunner","thrpt",2,40,15755.975177,75.560037,"ops/s",ONLINE_ADAPTIVE_LIST,STRING_DICTIONARY,42,8192,update,2
"se.su.dsv.online_concurrent.OnlineConcurrentBench.operationsRunner","thrpt",2,40,10622.775766,70.982983,"ops/s",ONLINE_ADAPTIVE_LIST,STRING_DICTIONARY,42,16384,update,2
"se.su.dsv.online_concurrent.OnlineConcurrentBench.operationsRunner","thrpt",2,40,1041.150759,41.170770,"ops/s",ONLINE_ADAPTIVE_LIST,STRING_DICTIONARY,42,131072,update,2
"se.su.dsv.online_concurrent.OnlineConcurrentBench.operationsRunner","thrpt",2,40,129.547236,3.524649,"ops/s",ONLINE_ADAPTIVE_LIST,STRING_DICTIONARY,42,1048576,update,2
"se.su.dsv.online_concurrent.OnlineConcurrentBench.operationsRunner","thrpt",32,40,59768.834900,441.866785,"ops/s",ONLINE_ADAPTIVE_LIST,STRING_DICTIONARY,42,128,update,32
"se.su.dsv.online_concurrent.OnlineConcurrentBench.operationsRunner","thrpt",32,40,58480.682380,464.843264,"ops/s",ONLINE_ADAPTIVE_LIST,STRING_DICTIONARY,42,1024,update,32
"se.su.dsv.online_concurrent.OnlineConcurrentBench.operationsRunner","thrpt",32,40,48332.164040,380.670069,"ops/s",ONLINE_ADAPTIVE_LIST,STRING_DICTIONARY,42,8192,update,32
"se.su.dsv.online_concurrent.OnlineConcurrentBench.operationsRunner","thrpt",32,40,35674.354023,385.066464,"ops/s",ONLINE_ADAPTIVE_LIST,STRING_DICTIONARY,42,16384,update,32
"se.su.dsv.online_concurrent.OnlineConcurrentBench.operationsRunner","thrpt",32,40,6246.170598,255.332063,"ops/s",ONLINE_ADAPTIVE_LIST,STRING_DICTIONARY,42,131072,update,32
"se.su.dsv.online_concurrent.OnlineConcurrentBench.operationsRunner","thrpt",32,40,350.601017,36.365802,"ops/s",ONLINE_ADAPTIVE_LIST,STRING_DICTIONARY,42,1048576,update,32
"se.su.dsv.online_concurrent.OnlineConcurrentBench.operationsRunner","thrpt",4,40,34673.048416,290.647744,"ops/s",ONLINE_ADAPTIVE_LIST,STRING_DICTIONARY,42,128,update,4
"se.su.dsv.online_concurrent.OnlineConcurrentBench.operationsRunner","thrpt",4,40,32780.653083,302.312214,"ops/s",ONLINE_ADAPTIVE_LIST,STRING_DICTIONARY,42,1024,update,4
"se.su.dsv.online_concurrent.OnlineConcurrentBench.operationsRunner","thrpt",4,40,23385.901286,60.453213,"ops/s",ONLINE_ADAPTIVE_LIST,STRING_DICTIONARY,42,8192,update,4
"se.su.dsv.online_concurrent.OnlineConcurrentBench.operationsRunner","thrpt",4,40,16519.644622,66.669638,"ops/s",ONLINE_ADAPTIVE_LIST,STRING_DICTIONARY,42,16384,update,4
"se.su.dsv.online_concurrent.OnlineConcurrentBench.operationsRunner","thrpt",4,40,1922.233214,71.380330,"ops/s",ONLINE_ADAPTIVE_LIST,STRING_DICTIONARY,42,131072,update,4
"se.su.dsv.online_concurrent.OnlineConcurrentBench.operationsRunner","thrpt",4,40,223.619301,6.376312,"ops/s",ONLINE_ADAPTIVE_LIST,STRING_DICTIONARY,42,1048576,update,4
"se.su.dsv.online_concurrent.OnlineConcurrentBench.operationsRunner","thrpt",8,40,41220.233731,345.689943,"ops/s",ONLINE_ADAPTIVE_LIST,STRING_DICTIONARY,42,128,update,8
"se.su.dsv.online_concurrent.OnlineConcurrentBench.operationsRunner","thrpt",8,40,40359.800955,277.616143,"ops/s",ONLINE_ADAPTIVE_LIST,STRING_DICTIONARY,42,1024,update,8
"se.su.dsv.online_concurrent.OnlineConcurrentBench.operationsRunner","thrpt",8,40,29989.473362,306.562273,"ops/s",ONLINE_ADAPTIVE_LIST,STRING_DICTIONARY,42,8192,update,8
"se.su.dsv.online_concurrent.OnlineConcurrentBench.operationsRunner","thrpt",8,40,22485.016190,218.325620,"ops/s",ONLINE_ADAPTIVE_LIST,STRING_DICTIONARY,42,16384,update,8
"se.su.dsv.online_concurrent.OnlineConcurrentBench.operationsRunner","thrpt",8,40,2984.622408,59.237920,"ops/s",ONLINE_ADAPTIVE_LIST,STRING_DICTIONARY,42,131072,update,8
"se.su.dsv.online_concurrent.OnlineConcurrentBench.operationsRunner","thrpt",8,40,259.182018,4.357224,"ops/s",ONLINE_ADAPTIVE_LIST,STRING_DICTIONARY,42,1048576,update,8
